"V1","V2","V3","V4","V5","V6","V7","V8","V9","V10","V11","V12","V13","V14","V15","V16","V17","V18","V19","V20","V21","V22","V23","V24","V25","V26","V27","V28","V29","V30"
"girl","tree","fungus","flora","animal source foods","fruit","musician","horse","ice cream","sports","vehicle","weapon","cake","air gun","dog like mammal","recreational fishing","drink","terrestrial animal","berry","beer","organism","entertainment","food","boxing","outlet store","camera lens","crab","flight","pool","shooting"
"darkness","sky","edible mushroom","flower","dish","produce","musical instrument","horse like mammal","sweetness","team","car","firearm","cake decorating","gun accessory","dog","fishing","drinkware","reptile","fruit tree","bottle","macro photography","performance","cuisine","pradal serey","retail","single lens reflex camera","decapoda","aviation","recreation room","shooting sport"
"light","water","mushroom","fauna","brunch","pumpkin","string instrument","carriage","flavor","team sport","transport","gun","birthday","trigger","mammal","fish","stemware","amphibian","rowan","alcoholic beverage","insect","stage","meal","contact sport","whole food","cameras & optics","crustacean","aircraft","billiard room",
"child","wilderness","medicinal mushroom","wildlife","seafood","local food","music","mane","dessert","player","motor vehicle","gallery rifle shooting","birthday cake","shotgun","dog breed group","bass","tableware","turtle","grapevine family","alcohol","invertebrate","performing arts","lunch","aggression","supermarket","camera","lobster","air travel","snooker",
"people","nature","agaricomycetes","spring","meat","cucurbita","plucked string instruments","pack animal","baked goods","games","track","rifle","torte","gun barrel","dog breed","fisherman","cup","frog","apple","glass bottle","pollinator","performance art","eating","combat sport","grocery store","digital slr","dungeness crab","airplane","billiard table",
"smile","mountain","oyster mushroom","bird","breakfast","vegetable","audio","mare","baking","sport venue","mode of transport",,"buttercream","revolver","snout","fishing rod","soft drink","ranidae","huckleberry","distilled beverage","moths and butterflies","concert","outdoor grill","boxing glove","convenience store","camera accessory","seafood boil","rotorcraft","cue sports",
"sunglasses","cloud","penny bun","beak","vegetarian food","winter squash","singing","stallion","snack","ball game","rail transport",,"wedding ceremony supply","handgun","dog hiking","trout","ceramic","tortoise","sorbus","liqueur","butterfly","profession","barbecue grill","professional boxing","inventory","reflex camera","american lobster","monoplane","english billiards",
"event","plant","agaricaceae","wildflower","junk food","gourd","drum","horse and buggy","whipped cream","football player","land vehicle",,"icing",,"karelian bear dog","salmon","mug","toad","bilberry","wine glass","membrane winged insect","rock concert","barbecue","boxing equipment","convenience food","digital camera","homarus","air show","pocket billiards",
"day","mountainous landforms","agaric","flowering plant","street food","calabaza","musical instrument accessory","horse harness","frozen dessert","soccer","train",,"sugar paste",,"border collie","barramundi","mason jar","bullfrog","aquifoliaceae","beer bottle","moth","theatre","grilling","striking combat sports","grocer","mirrorless interchangeable lens camera","crab boil","helicopter","carom billiards",
"man","vegetation","hymenochaetales","twig","fast food","spring greens","drums","mustang horse","dairy product","competition","cycling",,"fondant",,"carnivoran","perch","dishware","sea turtle","hawthorn","champagne stemware","arthropod","scene","leaf vegetable","punch","bakery",,"homarus gammarus","propeller",,
"glasses","lake","auriculariales","water bird","roasting","natural foods","percussion","cart","cream","soccer player","rolling stock",,"pasteles",,"dog walking","cutthroat trout","coffee cup","emydidae","heteromeles","wine","brush footed butterfly","music venue","supper","boxing ring",,,"crab meat","aerobatics",,
"crowd","nature reserve","hymenochaetaceae","duck","asian food","halloween","wind instrument","bridle","chocolate","tournament","bicycle",,"wedding cake",,"fur","cod","porcelain","chelydridae","blueberry","lager","nectar","musical theatre","dinner","wrestler",,,"cajun food","airline",,
"sitting","highland","bolete","close up","fried food","chard","guitarist","coachman","chocolate cake","football","locomotive",,"royal icing",,"whiskers","coastal cutthroat trout","liquor store","common snapping turtle","prunus spinosa","pint us","pest","dancer","cookware and bakeware","shoot boxing",,,"king crab","light aircraft",,
"lighting","body of water","agaricus","seabird","full breakfast","romaine lettuce","guitar","trail riding","gelato","ball","automotive exterior",,"sugar cake",,"labrador retriever","salmon like fish","canning","scaled reptile","lingonberry","ale","spider web","piano","charcoal",,,,"shrimp","aerospace engineering",,
"play","leaf","auriculariaceae","petal","recipe","cucumber gourd and melon family","skin head percussion instrument","horse tack","sundae","women's football","mountain bike",,,,"retriever","bony fish","saucer","serpent","chokecherry","cocktail","pollen","auditorium","cooking",,,,,"general aviation",,
"vision care","reflection","inonotus","ducks geese and swans","side dish","spinach","session musician","equestrianism","cookies and crackers","stadium","road bicycle",,,,"sporting group","northern pike","food preservation","snake","arctostaphylos","beer glass","plant pathology","keyboard","kitchen appliance",,,,,"helicopter rotor",,
"facial expression","river","chaga mushroom","annual plant","appetizer","dewberry","tom tom drum","rein","pie","sports training","sports equipment",,,,"cat","jigging","condiment","lacertidae","chokeberry","martini","dragonfly","electronic instrument","taste",,,,,"air force",,
"fireworks","ridge","matsutake","plant stem","finger food","blackberry","musical ensemble","equestrian","cookie","gridiron football","automotive design",,,,"small to medium sized cats","coho","coffee","colubridae","schisandra","classic cocktail","dragonflies and damseflies","choreography","service",,,,,"propeller driven aircraft",,
"red","ecosystem","russula integra","feather","french fries","raspberries blackberries and dewberries","drummer","animal sports","dondurma","soccer specific stadium","railroad car",,,,"cat like mammal","carp","serveware","lithobates","pistacia lentiscus","cocktail garnish","bee","sound","flesh",,,,,"model aircraft",,
"emotion","rock","pleurotus eryngii","herb","sandwich","lettuce","microphone","equestrian sport","treacle tart","stick and ball games","family car",,,,"tail","common rudd",,"box turtle","barberry family","pint glass","honey bee","player piano","cook",,,,,"seaplane",,
"person","woody plant","wood ear","groundcover","salad","bell peppers and chili peppers","non skin percussion instrument","horse supplies","muffin","american football","off roading",,,,"dog crossbreeds",,,"lizard","damson","red wine","fly","pop music","lamb and mutton",,,,,"air racing",,
"standing","loch","tremellomycetes","perching bird","american food","frutti di bosco","singer songwriter","jockey","cherry pie","volleyball","cycle sport",,,,"companion dog",,,"tree frog","silver buffaloberry","juice","arachnid","musical keyboard","ingredient",,,,,"radio controlled toy",,
"fête","winter","shiitake","waterfowl","hamburger","tomato","brass instrument","chariot","pastry","sportswear","motorcycle",,,,"hunting dog",,,"newt","buffaloberries","lemonade","lycaenid","digital piano","chef",,,,,"glider",,
"pink","hill","lingzhi mushroom","bird of prey","italian food","bush tomato","davul","polo","chocolate brownie","jersey","motorcycling",,,,"golden retriever",,,"salamandridae","aristotelia chilensis","whisky","bombycidae",,,,,,,"airliner",,
"eyewear","sea","discinaceae","subshrub","european food","squash","hand drum","endurance riding","sachertorte","goalkeeper","wheel",,,,"siberian husky",,,"viper","arctostaphylos uva ursi","wine bottle","spider",,,,,,,"radio controlled helicopter",,
"public event","path","pezizales","blossom","pizza","greengrocer","string instrument accessory","halter","bread","goal","luxury vehicle",,,,"east siberian laika",,,"rattlesnake","bramble","non alcoholic beverage","damselfly",,,,,,,"gliding",,
"clothing","snow","champignon mushroom","wing","buffet","strawberries","folk instrument","eventing","flourless chocolate cake","stick and ball sports","extreme sport",,,,"puppy",,,"anguidae","currant","beer cocktail","monarch butterfly",,,,,,,"flap",,
"purple","grass","polyporales","daisy family","plate lunch","strawberry","bass drum","english riding",,"lacrosse","public transport",,,,"sled dog racing",,,"garter snake","cherry","dessert wine","true bugs",,,,,,,"radio controlled aircraft",,
"youth","forest","hen of the wood","old world flycatcher","grillades","raspberry","bowed string instrument","stable",,"basketball court","mountain biking",,,,"miniature schnauzer",,,"salamander","pink peppercorn","barware","beetle",,,,,,,"biplane",,
"furniture","mountain range",,"eagle","steak","mulberry","diatonic button accordion","traditional sport",,"field lacrosse","automotive tire",,,,"obedience trial",,,"elapidae",,"champagne","larva",,,,,,,"ultralight aviation",,
"toddler","waterway",,"shorebird","grilled food","chili pepper","woodwind instrument","rodeo",,"protective equipment in gridiron football","motorsport",,,,"greenland dog",,,,,"grog","bumblebee",,,,,,,"cockpit",,
"picnic","woodland",,"finch","pizza cheese","tayberry","fiddle","show jumping",,"volleyball player","public utility",,,,"ear",,,,,"wheat beer","leaf beetle",,,,,,,"military aircraft",,
"area","horizon",,"underwater","breakfast sandwich","potato and tomato genus","music artist","hunt seat",,"ball over a net games","racing",,,,"harrier",,,,,"gin and tonic","araneus",,,,,,,"aircraft engine",,
"line","shore",,"deer","thai food","superfood","bassist","western riding",,"lacrosse stick","motocross",,,,"beagle",,,,,,"orb weaver spider",,,,,,,"pilot",,
"woman","coast",,"livestock","sicilian pizza","cranberry","acoustic guitar","saddle",,"lacrosse training equipment","metropolitan area",,,,"vulnerable native breeds",,,,,,"caterpillar",,,,,,,"takeoff",,
"product","freezing",,"seaduck","buffalo burger","jack o lantern","guitar accessory","equitation",,"ladies gaelic football","classic",,,,"terrier",,,,,,"hofmannophila pseudospretella",,,,,,,"wide body aircraft",,
"painting","stream",,"aquatic plant","german food",,"violin family",,,"protective gear in sports","tire",,,,"spitz",,,,,,"locust",,,,,,,"fighter aircraft",,
"outerwear","water resources",,"charadriiformes","chinese food",,"singer",,,"soccer kick","bicycle accessory",,,,"welsh sheepdog",,,,,,"net winged insects",,,,,,,"military helicopter",,
"beauty","reservoir",,"accipitriformes","kids meal",,"orchestra",,,"canadian football","truck",,,,"obedience training",,,,,,"cricket like insect",,,,,,,"flight instructor",,
"leg","geological phenomenon",,"marine biology","southeast asian food",,"fortepiano",,,"tackle","bicycle racing",,,,"schnauzer",,,,,,"grasshopper",,,,,,,"jet aircraft",,
"boy","watercourse",,"sunflower","spaghetti",,"bass guitar",,,"forward","train station",,,,"nova scotia duck tolling retriever",,,,,,"pieridae",,,,,,,,,
"ceremony","outdoor recreation",,"buzzard","cheeseburger",,"classical music",,,"basketball","off road vehicle",,,,"flat coated retriever",,,,,,"weevil",,,,,,,,,
"midnight","road",,"gull","veggie burger",,,,,"championship","automotive wheel system",,,,"lapponian herder",,,,,,"leafhopper",,,,,,,,,
"table","atmosphere",,"moisture","mediterranean food",,,,,"arena football","iron",,,,"boston terrier",,,,,,"burdock",,,,,,,,,
"explosive material","morning",,"hawk","soup",,,,,"volleyball net","vintage car",,,,"mushing",,,,,,"scarabs",,,,,,,,,
"room","recreation",,"goose","sashimi",,,,,"football helmet","sport utility vehicle",,,,"calf",,,,,,"cricket",,,,,,,,,
"senior citizen","fun",,"lupin","japanese cuisine",,,,,"box lacrosse","rallying",,,,"pomeranian",,,,,,"snails and slugs",,,,,,,,,
"smoke","vacation",,"seaweed","venison",,,,,"basketball player","scrap",,,,"samoyed",,,,,,"snail",,,,,,,,,
"glass","autumn",,"falcon","mole sauce",,,,,"hockey protective equipment","agricultural machinery",,,,"street dog",,,,,,"cicada",,,,,,,,,
"facial hair","creek",,"sparrow","sausage",,,,,"football equipment and supplies","auto part",,,,"hound",,,,,,"european garden spider",,,,,,,,,
"face","house",,"rose family","beef",,,,,,"racing bicycle",,,,"patterdale terrier",,,,,,"bombyx mori",,,,,,,,,
"square","mount scenery",,"mallard","steak frites",,,,,,"world rally championship",,,,"plott hound",,,,,,"wasp",,,,,,,,,
"friendship","fell",,"zoo","sunday roast",,,,,,"freeride",,,,"wild cat",,,,,,"wolf spider",,,,,,,,,
"hair","trail",,"fish pond","caesar salad",,,,,,"windshield",,,,"spanish water dog",,,,,,"hornet",,,,,,,,,
"dress","ocean",,"emberizidae","pancake",,,,,,"trailer",,,,"leash",,,,,,"tangle web spider",,,,,,,,,
"new year's eve","adventure",,"bird migration","skewer",,,,,,"steam engine",,,,"borador",,,,,,"araneus cavaticus",,,,,,,,,
"competition event","landscape",,"daisy","feta",,,,,,"tractor",,,,"whippet",,,,,,"mantis",,,,,,,,,
"interior design","hill station",,"commodity","taglierini",,,,,,"metal",,,,"domestic short haired cat",,,,,,"longhorn beetle",,,,,,,,,
"festival","atmosphere of earth",,"moose","beef on weck",,,,,,"mid size car",,,,"schnoodle",,,,,,"mosquito",,,,,,,,,
"cool","coastal and oceanic landforms",,"squirrel","spinach salad",,,,,,"auto racing",,,,"chesapeake bay retriever",,,,,,"dung beetle",,,,,,,,,
"floor","branch",,"iris","rib eye steak",,,,,,"antique car",,,,"broholmer",,,,,,"tarantula",,,,,,,,,
"font","boat",,"reef","churrasco food",,,,,,"construction equipment",,,,"black cat",,,,,,"ant",,,,,,,,,
"chair","rural area",,"lilac","knackwurst",,,,,,"enduro",,,,"greyhound",,,,,,"ground beetle",,,,,,,,,
"art","bank",,"european herring gull","kobe beef",,,,,,"compact car",,,,"japanese spitz",,,,,,"cabbage butterfly",,,,,,,,,
"human","field",,"herbaceous plant","pan bagnat",,,,,,"motorcycle racing",,,,"australian cattle dog",,,,,,"ladybird",,,,,,,,,
"ultramarathon","grassland",,"sunflower seed","slider",,,,,,"sedan",,,,"wolfdog",,,,,,"slug",,,,,,,,,
"skin","calm",,"violet family","beef tenderloin",,,,,,"sports car",,,,"standard schnauzer",,,,,,"worm",,,,,,,,,
"family","wetland",,"bald eagle","bratwurst",,,,,,"commercial vehicle",,,,"pointer",,,,,,"yellow garden spider",,,,,,,,,
"fire","waterfall",,"parsley family","gravy",,,,,,"jeep",,,,"dog clothes",,,,,,"tiger beetle",,,,,,,,,
"flooring","sunset",,"rodent","roast beef",,,,,,"pickup truck",,,,"animal shelter",,,,,,,,,,,,,,,
"wedding","home",,"white tailed deer","kielbasa",,,,,,"vehicle door",,,,"czechoslovakian wolfdog",,,,,,,,,,,,,,,
"campfire","dawn",,"marine mammal","pork",,,,,,"engine",,,,"nap",,,,,,,,,,,,,,,
"eye","green",,"ciconiiformes","sirloin steak",,,,,,"personal luxury car",,,,"sakhalin husky",,,,,,,,,,,,,,,
"muscle","infrastructure",,"crane like bird","italian sausage",,,,,,"performance car",,,,"bernese mountain dog",,,,,,,,,,,,,,,
"t shirt","leisure",,"lavender","mettwurst",,,,,,"city car",,,,"coyote",,,,,,,,,,,,,,,
"interaction","promontory",,"english lavender",,,,,,,"cruiser",,,,"wolf",,,,,,,,,,,,,,,
"human hair color","old growth forest",,"goats",,,,,,,"full size car",,,,"goldendoodle",,,,,,,,,,,,,,,
"hand","biome",,"animal migration",,,,,,,"machine",,,,"tabby cat",,,,,,,,,,,,,,,
"fashion accessory","evening",,"algae",,,,,,,"bumper",,,,"shetland sheepdog",,,,,,,,,,,,,,,
"running","phenomenon",,"chipmunk",,,,,,,"van",,,,"guard dog",,,,,,,,,,,,,,,
"pattern","tourism",,"flock",,,,,,,"cannon",,,,"kunming wolfdog",,,,,,,,,,,,,,,
"beard","geology",,"cow parsley",,,,,,,"wagon",,,,"old german shepherd dog",,,,,,,,,,,,,,,
"artwork","water feature",,"ranch",,,,,,,"cross country cycling",,,,"german shepherd dog",,,,,,,,,,,,,,,
"arm","terrain",,"hyssopus",,,,,,,"bicycle wheel",,,,"cesky terrier",,,,,,,,,,,,,,,
"picture frame","shrubland",,"galliformes",,,,,,,"driving",,,,"rhodesian ridgeback",,,,,,,,,,,,,,,
"barechestedness","ice",,"cherry blossom",,,,,,,"mountain bike racing",,,,"galgo español",,,,,,,,,,,,,,,
"lady","sunrise",,"nest",,,,,,,"travel trailer",,,,"non sporting group",,,,,,,,,,,,,,,
"cap","spruce fir forest",,"bellflower family",,,,,,,"hybrid bicycle",,,,"vizsla",,,,,,,,,,,,,,,
"material","temperate broadleaf and mixed forest",,"bud",,,,,,,"endurocross",,,,"english foxhound",,,,,,,,,,,,,,,
"shoulder","wood",,"dew",,,,,,,"classic car",,,,"greater swiss mountain dog",,,,,,,,,,,,,,,
"technology","black and white",,"jay",,,,,,,"automotive mirror",,,,"sighthound",,,,,,,,,,,,,,,
"human body","photography",,"bird nest",,,,,,,"cyclo cross",,,,"boykin spaniel",,,,,,,,,,,,,,,
"head","national park",,"aster",,,,,,,"soldier",,,,"aegean cat",,,,,,,,,,,,,,,
"visual arts","cottage",,"oxeye daisy",,,,,,,"outdoor power equipment",,,,"treeing walker coonhound",,,,,,,,,,,,,,,
"light fixture","daytime",,"tide pool",,,,,,,"bulldozer",,,,"redbone coonhound",,,,,,,,,,,,,,,
"floristry","water transportation",,"anthriscus",,,,,,,"road cycling",,,,"european shorthair",,,,,,,,,,,,,,,
"tradition","meadow",,"heron",,,,,,,"downhill mountain biking",,,,"kitten",,,,,,,,,,,,,,,
"infant","lane",,"viburnum",,,,,,,"bus",,,,"cavalier king charles spaniel",,,,,,,,,,,,,,,
"watercolor paint","sunlight",,"garden cosmos",,,,,,,"rust",,,,"german spitz",,,,,,,,,,,,,,,
"bride","deciduous",,"fox squirrel",,,,,,,"construction",,,,"poodle",,,,,,,,,,,,,,,
"costume","night",,"drop",,,,,,,"snowplow",,,,"bull terrier",,,,,,,,,,,,,,,
"text","hiking",,"piciformes",,,,,,,"bicycle frame",,,,"bull terrier miniature",,,,,,,,,,,,,,,
"nose","monochrome photography",,"wren",,,,,,,"rim",,,,"beagle harrier",,,,,,,,,,,,,,,
"flame","property",,"pink family",,,,,,,"supercar",,,,"american foxhound",,,,,,,,,,,,,,,
"christmas","jungle",,"green algae",,,,,,,"rear view mirror",,,,"standard poodle",,,,,,,,,,,,,,,
"christmas decoration","highway",,"old world oriole",,,,,,,"military",,,,"cairn terrier",,,,,,,,,,,,,,,
"heat","real estate",,"cardinal",,,,,,,"troop",,,,"west highland white terrier",,,,,,,,,,,,,,,
"living room","boating",,"owl",,,,,,,"mower",,,,"german spitz klein",,,,,,,,,,,,,,,
"human behavior","vertebrate",,"iris family",,,,,,,"jeep wrangler",,,,"white shepherd",,,,,,,,,,,,,,,
"triathlon","beach",,"goat",,,,,,,"passenger car",,,,"spaniel",,,,,,,,,,,,,,,
"shoe","bridge",,"crane",,,,,,,"parking lot",,,,"sporting lucas terrier",,,,,,,,,,,,,,,
"holiday","building",,"nightingale",,,,,,,"race track",,,,"german spitz mittel",,,,,,,,,,,,,,,
"blond","frost",,"sacred lotus",,,,,,,"army",,,,"pungsan dog",,,,,,,,,,,,,,,
"ceiling","pasture",,"lily",,,,,,,"lawn mower",,,,"pug",,,,,,,,,,,,,,,
"happiness","asphalt",,"cow goat family",,,,,,,"bicycle saddle",,,,"finnish hound",,,,,,,,,,,,,,,
"bonfire","lawn",,"nepeta",,,,,,,"infantry",,,,"estonian hound",,,,,,,,,,,,,,,
"individual sports","escarpment",,"sheep",,,,,,,"recreational vehicle",,,,"shih tzu",,,,,,,,,,,,,,,
"forehead","soil",,"daylily",,,,,,,"motorcycle accessories",,,,"cardigan welsh corgi",,,,,,,,,,,,,,,
"hairstyle","headland",,"cormorant",,,,,,,"freestyle motocross",,,,"weimaraner",,,,,,,,,,,,,,,
"textile","piste",,"hydrangea",,,,,,,"parking",,,,"bombay",,,,,,,,,,,,,,,
"mouth","garden",,"chickadee",,,,,,,"caravan",,,,"havanese",,,,,,,,,,,,,,,
"duathlon","mist",,"rose",,,,,,,"traffic light",,,,"italian greyhound",,,,,,,,,,,,,,,
"net","cliff",,"chamaemelum nobile",,,,,,,"off road racing",,,,"treeing tennessee brindle",,,,,,,,,,,,,,,
"finger","afterglow",,"dahlia",,,,,,,"spoke",,,,"volpino italiano",,,,,,,,,,,,,,,
"chin","tropical and subtropical coniferous forests",,"rhododendron",,,,,,,"golf cart",,,,"lhasa apso",,,,,,,,,,,,,,,
"market","bedrock",,"woodpecker",,,,,,,"automotive lighting",,,,"saarloos wolfdog",,,,,,,,,,,,,,,
"drawing","grove",,"chicken",,,,,,,"mud",,,,"puppy love",,,,,,,,,,,,,,,
"restaurant","grass family",,"antler",,,,,,,"hot rod",,,,"polish hunting dog",,,,,,,,,,,,,,,
"design","pond",,"apiales",,,,,,,"automotive engine part",,,,"photo caption",,,,,,,,,,,,,,,
"flower arranging","winter sport",,"nannyberry",,,,,,,"military vehicle",,,,"king shepherd",,,,,,,,,,,,,,,
"still life photography","outcrop",,"house sparrow",,,,,,,"custom car",,,,"tosa",,,,,,,,,,,,,,,
"hardwood","residential area",,"coneflower",,,,,,,"emergency vehicle",,,,"rare breed dog",,,,,,,,,,,,,,,
"paint","male",,"stork",,,,,,,"industry",,,,"sapsali",,,,,,,,,,,,,,,
"cheek","riparian zone",,"lupinus mutabilis",,,,,,,"convertible",,,,"dragon li",,,,,,,,,,,,,,,
"modern art","yellow",,"great black backed gull",,,,,,,"emergency",,,,"paw",,,,,,,,,,,,,,,
"decor","fog",,"dandelion",,,,,,,"police",,,,"yorkshire terrier",,,,,,,,,,,,,,,
"jacket","meteorological phenomenon",,"reindeer",,,,,,,"all terrain vehicle",,,,"löwchen",,,,,,,,,,,,,,,
"shorts","wave",,"iris versicolor",,,,,,,"car seat",,,,"cockapoo",,,,,,,,,,,,,,,
"wood stain","outdoor structure",,"lark",,,,,,,"fire apparatus",,,,"welsh corgi",,,,,,,,,,,,,,,
"socialite","estate",,"evening primrose",,,,,,,"vehicle registration plate",,,,"small terrier",,,,,,,,,,,,,,,
"orange","architecture",,"grape leaves",,,,,,,"steam",,,,"canaan dog",,,,,,,,,,,,,,,
"mural","rainforest",,"malvales",,,,,,,"military organization",,,,"pocket beagle",,,,,,,,,,,,,,,
"violet","prairie",,"great grey owl",,,,,,,"traffic",,,,"maltese",,,,,,,,,,,,,,,
"marketplace","backpacking",,"chrysanths",,,,,,,"fire department",,,,"huntaway",,,,,,,,,,,,,,,
"jeans","monochrome",,"sandpiper",,,,,,,"scale model",,,,"domestic long haired cat",,,,,,,,,,,,,,,
"foot","dusk",,"coraciiformes",,,,,,,"passenger",,,,"morkie",,,,,,,,,,,,,,,
"flowerpot","sign",,"coral reef",,,,,,,"tour bus service",,,,"poodle crossbreed",,,,,,,,,,,,,,,
"joint","farm",,"grouse",,,,,,,"automotive window part",,,,"black and tan coonhound",,,,,,,,,,,,,,,
"acrylic paint","boats and boating equipment and supplies",,"tulip",,,,,,,"volkswagen",,,,"formosan mountain dog",,,,,,,,,,,,,,,
"sketch","boulder",,"common sage",,,,,,,"emergency service",,,,"austrian black and tan hound",,,,,,,,,,,,,,,
"communication","bay",,"cuculiformes",,,,,,,"steering part",,,,"basset artésien normand",,,,,,,,,,,,,,,
"fashion","landmark",,"rooster",,,,,,,"race car",,,,,,,,,,,,,,,,,,,
"poster","black",,"grizzly bear",,,,,,,"bmw",,,,,,,,,,,,,,,,,,,
"impressionist","footwear",,"azalea",,,,,,,"steering wheel",,,,,,,,,,,,,,,,,,,
"symmetry","trunk",,"hibiscus",,,,,,,"police car",,,,,,,,,,,,,,,,,,,
"sparkler","formation",,"blackbird",,,,,,,"bicycle part",,,,,,,,,,,,,,,,,,,
"bedroom","land lot",,"lotus family",,,,,,,"mini",,,,,,,,,,,,,,,,,,,
"floral design","state park",,"kite",,,,,,,"windscreen wiper",,,,,,,,,,,,,,,,,,,
"formal wear","town",,"cornales",,,,,,,"road bicycle racing",,,,,,,,,,,,,,,,,,,
"black hair","tower",,"elm family",,,,,,,"signaling device",,,,,,,,,,,,,,,,,,,
"hat","public space",,"mergus",,,,,,,"law enforcement",,,,,,,,,,,,,,,,,,,
"portrait","blizzard",,"marguerite daisy",,,,,,,"freight car",,,,,,,,,,,,,,,,,,,
"stall","photograph",,"pelecaniformes",,,,,,,"hood",,,,,,,,,,,,,,,,,,,
"party","blue",,"meadowsweet",,,,,,,"subcompact car",,,,,,,,,,,,,,,,,,,
"bed","travel",,"narcissus",,,,,,,"military police",,,,,,,,,,,,,,,,,,,
"flower bouquet","headgear",,"amaryllis family",,,,,,,"demolition",,,,,,,,,,,,,,,,,,,
"plaid","plain",,"vulture",,,,,,,"electric locomotive",,,,,,,,,,,,,,,,,,,
"suit","yard",,"condor",,,,,,,"dust",,,,,,,,,,,,,,,,,,,
"circle","shrub",,"swan",,,,,,,"minivan",,,,,,,,,,,,,,,,,,,
"selfie","signage",,"horn",,,,,,,"filling station",,,,,,,,,,,,,,,,,,,
"indoor games and sports","dock",,"ox",,,,,,,"factory",,,,,,,,,,,,,,,,,,,
"groom","alps",,"mallow family",,,,,,,"porsche",,,,,,,,,,,,,,,,,,,
"conversation","watercraft",,"robin",,,,,,,"car seat cover",,,,,,,,,,,,,,,,,,,
"moustache","rapid",,"jerusalem artichoke",,,,,,,"muscle car",,,,,,,,,,,,,,,,,,,
"special effects","chaparral",,"eurasian golden oriole",,,,,,,"ford crown victoria police interceptor",,,,,,,,,,,,,,,,,,,
"family reunion","cumulus",,"hydrangeaceae",,,,,,,"ford crown victoria",,,,,,,,,,,,,,,,,,,
"magenta","park",,"marine invertebrates",,,,,,,"riding mower",,,,,,,,,,,,,,,,,,,
"product design","city",,"bear",,,,,,,"gasoline",,,,,,,,,,,,,,,,,,,
"wedding dress","ski",,"bluebonnet",,,,,,,"auto show",,,,,,,,,,,,,,,,,,,
"gown","astronomical object",,"seed plant",,,,,,,"marines",,,,,,,,,,,,,,,,,,,
"parade","neighbourhood",,"blue jay",,,,,,,"rallycross",,,,,,,,,,,,,,,,,,,
"dining room","skiing",,"fowl",,,,,,,"stunt performer",,,,,,,,,,,,,,,,,,,
"diwali","tarn",,"beaver",,,,,,,"mercedes benz",,,,,,,,,,,,,,,,,,,
"christmas lights","roof",,"crow like bird",,,,,,,"headlamp",,,,,,,,,,,,,,,,,,,
"viola","window",,"geranium",,,,,,,"ford",,,,,,,,,,,,,,,,,,,
"abdomen","kayak",,"cactus",,,,,,,"rescue",,,,,,,,,,,,,,,,,,,
"graphics","pine family",,"prunus",,,,,,,"minibus",,,,,,,,,,,,,,,,,,,
"toy","stream bed",,"pansy",,,,,,,"executive car",,,,,,,,,,,,,,,,,,,
"demonstration","community",,"hare",,,,,,,"trailer truck",,,,,,,,,,,,,,,,,,,
"graffiti","glacial landform",,"loosestrife and pomegranate family",,,,,,,"center console",,,,,,,,,,,,,,,,,,,
"long distance running","fixed link",,"bluebird",,,,,,,"audi",,,,,,,,,,,,,,,,,,,
"beanie","road surface",,"phasianidae",,,,,,,"alloy wheel",,,,,,,,,,,,,,,,,,,
"map","mountaineering",,"poppy family",,,,,,,"grille",,,,,,,,,,,,,,,,,,,
"bathing","panorama",,"elk",,,,,,,"armored car",,,,,,,,,,,,,,,,,,,
"wood flooring","walkway",,"freshwater aquarium",,,,,,,"combat vehicle",,,,,,,,,,,,,,,,,,,
"vendor","social group",,"orange lily",,,,,,,"bmx bike",,,,,,,,,,,,,,,,,,,
"electronic device","sun",,"rabits and hares",,,,,,,"chevrolet",,,,,,,,,,,,,,,,,,,
"bridal clothing","lighthouse",,"cage",,,,,,,"chopper",,,,,,,,,,,,,,,,,,,
"thigh","red sky at morning",,"large flowered evening primrose",,,,,,,"school bus",,,,,,,,,,,,,,,,,,,
"line art","plant community",,"thorns spines and prickles",,,,,,,"supermoto",,,,,,,,,,,,,,,,,,,
"audience","tundra",,"borage family",,,,,,,"gmc",,,,,,,,,,,,,,,,,,,
"baby carriage","mountain pass",,"floribunda",,,,,,,"toyota",,,,,,,,,,,,,,,,,,,
"love","lake district",,"bellflower",,,,,,,"jaguar e type",,,,,,,,,,,,,,,,,,,
"cut flowers","farmhouse",,"dayflower family",,,,,,,"bicycle motocross",,,,,,,,,,,,,,,,,,,
"tartan","log cabin",,"raven",,,,,,,"compact van",,,,,,,,,,,,,,,,,,,
"neck","arctic",,"gentian family",,,,,,,"model car",,,,,,,,,,,,,,,,,,,
"function hall","bayou",,"rosa centifolia",,,,,,,"mini cooper",,,,,,,,,,,,,,,,,,,
"kitchen","winter storm",,"morning glory family",,,,,,,"military officer",,,,,,,,,,,,,,,,,,,
"window treatment","sand",,"thistle",,,,,,,"volvo c30",,,,,,,,,,,,,,,,,,,
"marching","summer",,"blanket flowers",,,,,,,"staff",,,,,,,,,,,,,,,,,,,
"professional","shed",,"geraniales",,,,,,,"touring car",,,,,,,,,,,,,,,,,,,
"lumber","facade",,"junco",,,,,,,"ambulance",,,,,,,,,,,,,,,,,,,
"display device","backyard",,"pignut",,,,,,,"rapid transit",,,,,,,,,,,,,,,,,,,
"romance","aerial photography",,"delphinium",,,,,,,"militia",,,,,,,,,,,,,,,,,,,
"marathon","ski equipment",,"poultry",,,,,,,"play vehicle",,,,,,,,,,,,,,,,,,,
"human leg","wall",,"european robin",,,,,,,"mazda",,,,,,,,,,,,,,,,,,,
"illustration","arête",,"mustard plant",,,,,,,"stock car racing",,,,,,,,,,,,,,,,,,,
"protest","sailing",,"bird feeder",,,,,,,"hardtop",,,,,,,,,,,,,,,,,,,
"new year","temperate coniferous forest",,"crocus",,,,,,,"firefighter",,,,,,,,,,,,,,,,,,,
"health & beauty","controlled access highway",,"cosmos",,,,,,,"transit police",,,,,,,,,,,,,,,,,,,
"couch","tourist attraction",,"chinese hibiscus",,,,,,,"hangar",,,,,,,,,,,,,,,,,,,
"baby products","fir",,"peony",,,,,,,"sports car racing",,,,,,,,,,,,,,,,,,,
"bar","road trip",,"lavandula dentata",,,,,,,"seat belt",,,,,,,,,,,,,,,,,,,
"lobby","structure",,"hypericum",,,,,,,"gauge",,,,,,,,,,,,,,,,,,,
"still life","marsh",,"otter",,,,,,,"hatchback",,,,,,,,,,,,,,,,,,,
"fedora","canal",,"cypripedium",,,,,,,"ferraris",,,,,,,,,,,,,,,,,,,
"knit cap","harbor",,"snipe",,,,,,,"porsche 356",,,,,,,,,,,,,,,,,,,
"long hair","personal protective equipment",,"dianthus",,,,,,,"bicycle handlebar",,,,,,,,,,,,,,,,,,,
"eyebrow","marina",,"poppy",,,,,,,"tread",,,,,,,,,,,,,,,,,,,
"grandparent","conifer",,"yarrow",,,,,,,"honda",,,,,,,,,,,,,,,,,,,
"half marathon","race",,"bull",,,,,,,"lego",,,,,,,,,,,,,,,,,,,
"logo","swamp",,"canola",,,,,,,"automobile repair shop",,,,,,,,,,,,,,,,,,,
"barefoot","walking",,"egret",,,,,,,"bmw 6 series e24",,,,,,,,,,,,,,,,,,,
"neon","shack",,"bee balm",,,,,,,"head restraint",,,,,,,,,,,,,,,,,,,
"graduation","cape",,"scarlet beebalm",,,,,,,"road racing",,,,,,,,,,,,,,,,,,,
"disco","sailboat",,"garden roses",,,,,,,"self propelled artillery",,,,,,,,,,,,,,,,,,,
"portrait photography","hut",,"melastome family",,,,,,,"dirt track racing",,,,,,,,,,,,,,,,,,,
"brand","valley",,"cicely",,,,,,,"bicycle tire",,,,,,,,,,,,,,,,,,,
"toe","barn",,"rose order",,,,,,,"touring car racing",,,,,,,,,,,,,,,,,,,
"laughter","star",,"american crow",,,,,,,"cyclo cross bicycle",,,,,,,,,,,,,,,,,,,
"public relations","sail",,"narrow leaved sundrops",,,,,,,"engineering",,,,,,,,,,,,,,,,,,,
"physical exercise","monument",,"llama",,,,,,,,,,,,,,,,,,,,,,,,,,
"cabinetry","moss",,"rabbit",,,,,,,,,,,,,,,,,,,,,,,,,,
"organ","memorial",,"house finch",,,,,,,,,,,,,,,,,,,,,,,,,,
"street art","maple tree",,"hummingbird",,,,,,,,,,,,,,,,,,,,,,,,,,
"father","church",,"broomrape",,,,,,,,,,,,,,,,,,,,,,,,,,
"bathroom","summit",,"wood sorrel family",,,,,,,,,,,,,,,,,,,,,,,,,,
"hotel","agriculture",,"hydrangea serrata",,,,,,,,,,,,,,,,,,,,,,,,,,
"countertop","street sign",,"morning glory",,,,,,,,,,,,,,,,,,,,,,,,,,
"lip","wind wave",,"sow thistles",,,,,,,,,,,,,,,,,,,,,,,,,,
"student","botanical garden",,"american black bear",,,,,,,,,,,,,,,,,,,,,,,,,,
"international student","ecoregion",,"domestic rabbit",,,,,,,,,,,,,,,,,,,,,,,,,,
"dance","camping",,"rosa canina",,,,,,,,,,,,,,,,,,,,,,,,,,
"learning","spruce",,"silybum",,,,,,,,,,,,,,,,,,,,,,,,,,
"bed frame","suburb",,"four o clock family",,,,,,,,,,,,,,,,,,,,,,,,,,
"balance","ship",,"coral reef fish",,,,,,,,,,,,,,,,,,,,,,,,,,
"cartoon","bog",,"verbena family",,,,,,,,,,,,,,,,,,,,,,,,,,
"multimedia","badlands",,"ruffed grouse",,,,,,,,,,,,,,,,,,,,,,,,,,
"cobalt blue","street",,"geraniaceae",,,,,,,,,,,,,,,,,,,,,,,,,,
"institution","steeple",,"tanacetum parthenium",,,,,,,,,,,,,,,,,,,,,,,,,,
"knitting","ferry",,"common tormentil",,,,,,,,,,,,,,,,,,,,,,,,,,
"daughter","château",,"verbascum",,,,,,,,,,,,,,,,,,,,,,,,,,
"scarf","ravine",,"pigeons and doves",,,,,,,,,,,,,,,,,,,,,,,,,,
"elder","chute",,"dame's rocket",,,,,,,,,,,,,,,,,,,,,,,,,,
"electronics","sea kayak",,"turkey",,,,,,,,,,,,,,,,,,,,,,,,,,
"camera operator","mansion",,"harbor seal",,,,,,,,,,,,,,,,,,,,,,,,,,
"athletics","advertising",,"castilleja",,,,,,,,,,,,,,,,,,,,,,,,,,
"quilt","white",,"mustard",,,,,,,,,,,,,,,,,,,,,,,,,,
"centrepiece","fence",,"porcupine",,,,,,,,,,,,,,,,,,,,,,,,,,
"paper","canoeing",,"verbena",,,,,,,,,,,,,,,,,,,,,,,,,,
"sun hat","place of worship",,"flightless bird",,,,,,,,,,,,,,,,,,,,,,,,,,
"collage","massif",,"crassocephalum",,,,,,,,,,,,,,,,,,,,,,,,,,
"laminate flooring","canoe",,"crow",,,,,,,,,,,,,,,,,,,,,,,,,,
"photographer","riparian forest",,"brassica rapa",,,,,,,,,,,,,,,,,,,,,,,,,,
"lantern","crop",,"chives",,,,,,,,,,,,,,,,,,,,,,,,,,
"kindergarten","oar",,"angelica",,,,,,,,,,,,,,,,,,,,,,,,,,
"suite","evergreen",,"canna family",,,,,,,,,,,,,,,,,,,,,,,,,,
"carnival","nordic skiing",,"orchid",,,,,,,,,,,,,,,,,,,,,,,,,,
"poi","swimming pool",,"thimbleberry",,,,,,,,,,,,,,,,,,,,,,,,,,
"lap","overhead power line",,"urtica",,,,,,,,,,,,,,,,,,,,,,,,,,
"fireplace","suspension bridge",,"flatweed",,,,,,,,,,,,,,,,,,,,,,,,,,
"triangle","cable car",,"calendula",,,,,,,,,,,,,,,,,,,,,,,,,,
"nail","cross country skiing",,"goat antelope",,,,,,,,,,,,,,,,,,,,,,,,,,
"cross country running","non vascular land plant",,"great egret",,,,,,,,,,,,,,,,,,,,,,,,,,
"podium","village",,"forget me not",,,,,,,,,,,,,,,,,,,,,,,,,,
"nightclub","moonlight",,"mustelidae",,,,,,,,,,,,,,,,,,,,,,,,,,
"tile","surface water sports",,"giraffe",,,,,,,,,,,,,,,,,,,,,,,,,,
"education","sculpture",,"salmonberry",,,,,,,,,,,,,,,,,,,,,,,,,,
"tennis court","arroyo",,"honeysuckle",,,,,,,,,,,,,,,,,,,,,,,,,,
"sink","siding",,"dayflower",,,,,,,,,,,,,,,,,,,,,,,,,,
"mascot","archaeological site",,"wild turkey",,,,,,,,,,,,,,,,,,,,,,,,,,
"denim","statue",,"lily family",,,,,,,,,,,,,,,,,,,,,,,,,,
"desk","ruins",,"camel like mammal",,,,,,,,,,,,,,,,,,,,,,,,,,
"school","headstone",,"coquelicot",,,,,,,,,,,,,,,,,,,,,,,,,,
"album cover","watercraft rowing",,"seashell",,,,,,,,,,,,,,,,,,,,,,,,,,
"sleeve","fluvial landforms of streams",,"cutleaf evening primrose",,,,,,,,,,,,,,,,,,,,,,,,,,
"hearth","cemetery",,"echidna",,,,,,,,,,,,,,,,,,,,,,,,,,
"pub","truss bridge",,"canada columbine",,,,,,,,,,,,,,,,,,,,,,,,,,
"diagram","kayaking",,"evening primrose family",,,,,,,,,,,,,,,,,,,,,,,,,,
"gadget","fjord",,"dactylorhiza praetermissa",,,,,,,,,,,,,,,,,,,,,,,,,,
"trousers","snowshoe",,"hippeastrum",,,,,,,,,,,,,,,,,,,,,,,,,,
"uniform","birch",,"onion genus",,,,,,,,,,,,,,,,,,,,,,,,,,
"linens","temple",,"rue",,,,,,,,,,,,,,,,,,,,,,,,,,
"hair coloring","moon",,"digitalis",,,,,,,,,,,,,,,,,,,,,,,,,,
"tuxedo","aurora",,"germanders",,,,,,,,,,,,,,,,,,,,,,,,,,
"bathtub","rainbow",,"amaranth family",,,,,,,,,,,,,,,,,,,,,,,,,,
"club","castle",,"french lavender",,,,,,,,,,,,,,,,,,,,,,,,,,
"plank","computer wallpaper",,"pig like mammal",,,,,,,,,,,,,,,,,,,,,,,,,,
"handwriting","grave",,"domesticated turkey",,,,,,,,,,,,,,,,,,,,,,,,,,
"spring break","ski pole",,"sulfur cosmos",,,,,,,,,,,,,,,,,,,,,,,,,,
"figure drawing","historic site",,"muskrat",,,,,,,,,,,,,,,,,,,,,,,,,,
"emblem","tent",,"foxtail lily",,,,,,,,,,,,,,,,,,,,,,,,,,
"academic dress","urban area",,"pig",,,,,,,,,,,,,,,,,,,,,,,,,,
"plywood","channel",,"redshank",,,,,,,,,,,,,,,,,,,,,,,,,,
"vase","inlet",,"domestic pig",,,,,,,,,,,,,,,,,,,,,,,,,,
"screen","pier",,"evergreen candytuft",,,,,,,,,,,,,,,,,,,,,,,,,,
"photo shoot","playground",,"alpaca",,,,,,,,,,,,,,,,,,,,,,,,,,
"number","girder bridge",,"passion flower family",,,,,,,,,,,,,,,,,,,,,,,,,,
"window covering","spire",,"hollyhocks",,,,,,,,,,,,,,,,,,,,,,,,,,
"brown hair","history",,"common rue",,,,,,,,,,,,,,,,,,,,,,,,,,
"wedding reception","maple leaf",,"rapeseed",,,,,,,,,,,,,,,,,,,,,,,,,,
"classroom","beacon",,"cougar",,,,,,,,,,,,,,,,,,,,,,,,,,
"chest","arch bridge",,"puma",,,,,,,,,,,,,,,,,,,,,,,,,,
"hardware","concrete bridge",,"calidrid",,,,,,,,,,,,,,,,,,,,,,,,,,
"official","bird's eye view",,"brambling",,,,,,,,,,,,,,,,,,,,,,,,,,
"shelving","windsports",,"mink",,,,,,,,,,,,,,,,,,,,,,,,,,
"child art","texture",,"fox",,,,,,,,,,,,,,,,,,,,,,,,,,
"plumbing fixture","helmet",,"red fox",,,,,,,,,,,,,,,,,,,,,,,,,,
"graphic design","boardsport",,"dowitcher",,,,,,,,,,,,,,,,,,,,,,,,,,
"undergarment","northern hardwood forest concept",,"parakeet",,,,,,,,,,,,,,,,,,,,,,,,,,
"mother","boardwalk",,"hedgehog",,,,,,,,,,,,,,,,,,,,,,,,,,
"hall","hobby",,"domesticated hedgehog",,,,,,,,,,,,,,,,,,,,,,,,,,
"athlete","ancient history",,"common pet parakeet",,,,,,,,,,,,,,,,,,,,,,,,,,
"attic","endurance sports",,"parrot",,,,,,,,,,,,,,,,,,,,,,,,,,
"bed sheet","chapel",,"mouse",,,,,,,,,,,,,,,,,,,,,,,,,,
"bridal accessory","outdoor play equipment",,,,,,,,,,,,,,,,,,,,,,,,,,,,
"brown","electricity",,,,,,,,,,,,,,,,,,,,,,,,,,,,
"television","galaxy",,,,,,,,,,,,,,,,,,,,,,,,,,,,
"gentleman","motorboat",,,,,,,,,,,,,,,,,,,,,,,,,,,,
"cuisine classique","climbing",,,,,,,,,,,,,,,,,,,,,,,,,,,,
"audio equipment","kite sports",,,,,,,,,,,,,,,,,,,,,,,,,,,,
"shelf","rock climbing",,,,,,,,,,,,,,,,,,,,,,,,,,,,
"shopping mall","traffic sign",,,,,,,,,,,,,,,,,,,,,,,,,,,,
"board game","snapshot",,,,,,,,,,,,,,,,,,,,,,,,,,,,
"mirror","extradosed bridge",,,,,,,,,,,,,,,,,,,,,,,,,,,,
"plan","cable stayed bridge",,,,,,,,,,,,,,,,,,,,,,,,,,,,
"woolen","air sports",,,,,,,,,,,,,,,,,,,,,,,,,,,,
"aisle","jumping",,,,,,,,,,,,,,,,,,,,,,,,,,,,
"tennis","sailing ship",,,,,,,,,,,,,,,,,,,,,,,,,,,,
"sleep","root",,,,,,,,,,,,,,,,,,,,,,,,,,,,
"laser","parachute",,,,,,,,,,,,,,,,,,,,,,,,,,,,
"comfort","mudflat",,,,,,,,,,,,,,,,,,,,,,,,,,,,
"plaster","water castle",,,,,,,,,,,,,,,,,,,,,,,,,,,,
"tabletop game","energy",,,,,,,,,,,,,,,,,,,,,,,,,,,,
"santa claus","amusement park",,,,,,,,,,,,,,,,,,,,,,,,,,,,
"lighting accessory","ferns and horsetails",,,,,,,,,,,,,,,,,,,,,,,,,,,,
"banquet","mountaineer",,,,,,,,,,,,,,,,,,,,,,,,,,,,
"multi sport event","wind",,,,,,,,,,,,,,,,,,,,,,,,,,,,
"candle","icicle",,,,,,,,,,,,,,,,,,,,,,,,,,,,
"vehicle audio","water sport",,,,,,,,,,,,,,,,,,,,,,,,,,,,
"jewellery","floodplain",,,,,,,,,,,,,,,,,,,,,,,,,,,,
"clip art","ski touring",,,,,,,,,,,,,,,,,,,,,,,,,,,,
"phd","stock photography",,,,,,,,,,,,,,,,,,,,,,,,,,,,
"jaw","sugar house",,,,,,,,,,,,,,,,,,,,,,,,,,,,
"symbol","fortification",,,,,,,,,,,,,,,,,,,,,,,,,,,,
"home appliance","haze",,,,,,,,,,,,,,,,,,,,,,,,,,,,
"writing","parasailing",,,,,,,,,,,,,,,,,,,,,,,,,,,,
"computer monitor","golf course",,,,,,,,,,,,,,,,,,,,,,,,,,,,
"racquet sport","larch",,,,,,,,,,,,,,,,,,,,,,,,,,,,
"craft","daylighting",,,,,,,,,,,,,,,,,,,,,,,,,,,,
"hair accessory","street light",,,,,,,,,,,,,,,,,,,,,,,,,,,,
"fictional character","motor ship",,,,,,,,,,,,,,,,,,,,,,,,,,,,
"plastic","electrical supply",,,,,,,,,,,,,,,,,,,,,,,,,,,,
"curtain","stone wall",,,,,,,,,,,,,,,,,,,,,,,,,,,,
"ballroom","vascular plant",,,,,,,,,,,,,,,,,,,,,,,,,,,,
"wood burning stove","passenger ship",,,,,,,,,,,,,,,,,,,,,,,,,,,,
"chest of drawers","stately home",,,,,,,,,,,,,,,,,,,,,,,,,,,,
"media","paddle",,,,,,,,,,,,,,,,,,,,,,,,,,,,
"mobile phone","maidenhair tree",,,,,,,,,,,,,,,,,,,,,,,,,,,,
"marriage","swimming",,,,,,,,,,,,,,,,,,,,,,,,,,,,
"eyelash","water park",,,,,,,,,,,,,,,,,,,,,,,,,,,,
"cosplay","beam bridge",,,,,,,,,,,,,,,,,,,,,,,,,,,,
"hoodie","flag",,,,,,,,,,,,,,,,,,,,,,,,,,,,
"rave","phragmites",,,,,,,,,,,,,,,,,,,,,,,,,,,,
"library","adventurer",,,,,,,,,,,,,,,,,,,,,,,,,,,,
"communication device","fault",,,,,,,,,,,,,,,,,,,,,,,,,,,,
"tricycle","parachuting",,,,,,,,,,,,,,,,,,,,,,,,,,,,
"creative arts","commemorative plaque",,,,,,,,,,,,,,,,,,,,,,,,,,,,
"flower girl","astronomy",,,,,,,,,,,,,,,,,,,,,,,,,,,,
"stuffed toy","tubing",,,,,,,,,,,,,,,,,,,,,,,,,,,,
"tooth","steppe",,,,,,,,,,,,,,,,,,,,,,,,,,,,
"wool","fen",,,,,,,,,,,,,,,,,,,,,,,,,,,,
"flat panel display","adventure racing",,,,,,,,,,,,,,,,,,,,,,,,,,,,
"toilet","grazing",,,,,,,,,,,,,,,,,,,,,,,,,,,,
"light bulb","fern",,,,,,,,,,,,,,,,,,,,,,,,,,,,
"bedtime","outer space",,,,,,,,,,,,,,,,,,,,,,,,,,,,
"mattress","ski cross",,,,,,,,,,,,,,,,,,,,,,,,,,,,
"point","arch",,,,,,,,,,,,,,,,,,,,,,,,,,,,
"smartphone","paragliding",,,,,,,,,,,,,,,,,,,,,,,,,,,,
"art gallery","dirt road",,,,,,,,,,,,,,,,,,,,,,,,,,,,
"veil","swimwear",,,,,,,,,,,,,,,,,,,,,,,,,,,,
"arena","guard rail",,,,,,,,,,,,,,,,,,,,,,,,,,,,
"homework","pine",,,,,,,,,,,,,,,,,,,,,,,,,,,,
"café","wildfire",,,,,,,,,,,,,,,,,,,,,,,,,,,,
"bathroom accessory","port",,,,,,,,,,,,,,,,,,,,,,,,,,,,
"thumb","plateau",,,,,,,,,,,,,,,,,,,,,,,,,,,,
"class","wakeboarding",,,,,,,,,,,,,,,,,,,,,,,,,,,,
"headpiece","igneous rock",,,,,,,,,,,,,,,,,,,,,,,,,,,,
"reading","islet",,,,,,,,,,,,,,,,,,,,,,,,,,,,
"business executive","deck",,,,,,,,,,,,,,,,,,,,,,,,,,,,
"major appliance","medieval architecture",,,,,,,,,,,,,,,,,,,,,,,,,,,,
"antique","mast",,,,,,,,,,,,,,,,,,,,,,,,,,,,
"shopping","hiking equipment",,,,,,,,,,,,,,,,,,,,,,,,,,,,
"plush","towed water sport",,,,,,,,,,,,,,,,,,,,,,,,,,,,
"body jewelry","fishing vessel",,,,,,,,,,,,,,,,,,,,,,,,,,,,
"training","tall ship",,,,,,,,,,,,,,,,,,,,,,,,,,,,
"label","full moon",,,,,,,,,,,,,,,,,,,,,,,,,,,,
"fiction","inflatable boat",,,,,,,,,,,,,,,,,,,,,,,,,,,,
"police officer","yacht",,,,,,,,,,,,,,,,,,,,,,,,,,,,
"tavern","door",,,,,,,,,,,,,,,,,,,,,,,,,,,,
"museum","waterskiing",,,,,,,,,,,,,,,,,,,,,,,,,,,,
"quilting","silhouette",,,,,,,,,,,,,,,,,,,,,,,,,,,,
"lamp","plantation",,,,,,,,,,,,,,,,,,,,,,,,,,,,
"public speaking","christmas tree",,,,,,,,,,,,,,,,,,,,,,,,,,,,
"measuring instrument","golf club",,,,,,,,,,,,,,,,,,,,,,,,,,,,
"needlework","stone carving",,,,,,,,,,,,,,,,,,,,,,,,,,,,
"hug","amusement ride",,,,,,,,,,,,,,,,,,,,,,,,,,,,
"table tennis","national historic landmark",,,,,,,,,,,,,,,,,,,,,,,,,,,,
"convention","hot air balloon",,,,,,,,,,,,,,,,,,,,,,,,,,,,
"exhibition","landscaping",,,,,,,,,,,,,,,,,,,,,,,,,,,,
"drinking","dam",,,,,,,,,,,,,,,,,,,,,,,,,,,,
"laundry room","stele",,,,,,,,,,,,,,,,,,,,,,,,,,,,
"calligraphy","hot air ballooning",,,,,,,,,,,,,,,,,,,,,,,,,,,,
"fan","physical fitness",,,,,,,,,,,,,,,,,,,,,,,,,,,,
"bookcase","waste",,,,,,,,,,,,,,,,,,,,,,,,,,,,
"art exhibition","skyline",,,,,,,,,,,,,,,,,,,,,,,,,,,,
"knee","space",,,,,,,,,,,,,,,,,,,,,,,,,,,,
"office","transmission tower",,,,,,,,,,,,,,,,,,,,,,,,,,,,
"bedding","porch",,,,,,,,,,,,,,,,,,,,,,,,,,,,
"drawer","cave",,,,,,,,,,,,,,,,,,,,,,,,,,,,
"comics","log bridge",,,,,,,,,,,,,,,,,,,,,,,,,,,,
"toilet seat","viaduct",,,,,,,,,,,,,,,,,,,,,,,,,,,,
"tattoo","national trust for places of historic interest or natural beauty",,,,,,,,,,,,,,,,,,,,,,,,,,,,
"cupboard","angle",,,,,,,,,,,,,,,,,,,,,,,,,,,,
"tablecloth","azure",,,,,,,,,,,,,,,,,,,,,,,,,,,,
"sneakers","downtown",,,,,,,,,,,,,,,,,,,,,,,,,,,,
"varnish","windmill",,,,,,,,,,,,,,,,,,,,,,,,,,,,
"infant bed","narrows",,,,,,,,,,,,,,,,,,,,,,,,,,,,
"bathroom cabinet","bench",,,,,,,,,,,,,,,,,,,,,,,,,,,,
"lampshade","nunatak",,,,,,,,,,,,,,,,,,,,,,,,,,,,
"lecture","outdoor furniture",,,,,,,,,,,,,,,,,,,,,,,,,,,,
"job","dinghy sailing",,,,,,,,,,,,,,,,,,,,,,,,,,,,
"organization","canopy",,,,,,,,,,,,,,,,,,,,,,,,,,,,
"under cabinet lighting","shadow",,,,,,,,,,,,,,,,,,,,,,,,,,,,
"duvet cover","wind farm",,,,,,,,,,,,,,,,,,,,,,,,,,,,
"private school","sport climbing",,,,,,,,,,,,,,,,,,,,,,,,,,,,
"retro style","klippe",,,,,,,,,,,,,,,,,,,,,,,,,,,,
"stove","rock climbing equipment",,,,,,,,,,,,,,,,,,,,,,,,,,,,
"personal computer","driftwood",,,,,,,,,,,,,,,,,,,,,,,,,,,,
"meeting","earth",,,,,,,,,,,,,,,,,,,,,,,,,,,,
"carpenter","resort",,,,,,,,,,,,,,,,,,,,,,,,,,,,
"back","surfing equipment and supplies",,,,,,,,,,,,,,,,,,,,,,,,,,,,
"model","pedestrian",,,,,,,,,,,,,,,,,,,,,,,,,,,,
"business","leisure centre",,,,,,,,,,,,,,,,,,,,,,,,,,,,
"top","cattle like mammal",,,,,,,,,,,,,,,,,,,,,,,,,,,,
"masonry oven","observation tower",,,,,,,,,,,,,,,,,,,,,,,,,,,,
"bazaar","ice cap",,,,,,,,,,,,,,,,,,,,,,,,,,,,
"presentation","balloon",,,,,,,,,,,,,,,,,,,,,,,,,,,,
"cyclocomputer","fisheye lens",,,,,,,,,,,,,,,,,,,,,,,,,,,,
"document","pebble",,,,,,,,,,,,,,,,,,,,,,,,,,,,
"businessperson","goggles",,,,,,,,,,,,,,,,,,,,,,,,,,,,
"crochet","trident",,,,,,,,,,,,,,,,,,,,,,,,,,,,
"costume design","outhouse",,,,,,,,,,,,,,,,,,,,,,,,,,,,
"bridesmaid","snowmobile",,,,,,,,,,,,,,,,,,,,,,,,,,,,
"tongue","iceberg",,,,,,,,,,,,,,,,,,,,,,,,,,,,
"computer","wind turbine",,,,,,,,,,,,,,,,,,,,,,,,,,,,
"patchwork","snowboard",,,,,,,,,,,,,,,,,,,,,,,,,,,,
"carpet","trestle",,,,,,,,,,,,,,,,,,,,,,,,,,,,
"thread","terrestrial plant",,,,,,,,,,,,,,,,,,,,,,,,,,,,
"collection","swing",,,,,,,,,,,,,,,,,,,,,,,,,,,,
"tights","golf",,,,,,,,,,,,,,,,,,,,,,,,,,,,
"entrepreneur","bouldering",,,,,,,,,,,,,,,,,,,,,,,,,,,,
"business administration","world",,,,,,,,,,,,,,,,,,,,,,,,,,,,
"academic conference","salt marsh",,,,,,,,,,,,,,,,,,,,,,,,,,,,
"rectangle","picnic boat",,,,,,,,,,,,,,,,,,,,,,,,,,,,
"teacher","ice cave",,,,,,,,,,,,,,,,,,,,,,,,,,,,
"fashion design","angling",,,,,,,,,,,,,,,,,,,,,,,,,,,,
"telephony","snowboarding",,,,,,,,,,,,,,,,,,,,,,,,,,,,
"display advertising","thoroughfare",,,,,,,,,,,,,,,,,,,,,,,,,,,,
"public library","inflatable",,,,,,,,,,,,,,,,,,,,,,,,,,,,
"sole","fair",,,,,,,,,,,,,,,,,,,,,,,,,,,,
"library science","middle ages",,,,,,,,,,,,,,,,,,,,,,,,,,,,
"laptop","rowing",,,,,,,,,,,,,,,,,,,,,,,,,,,,
"bidet","bell tower",,,,,,,,,,,,,,,,,,,,,,,,,,,,
"bathroom sink","arecales",,,,,,,,,,,,,,,,,,,,,,,,,,,,
"ring","carving",,,,,,,,,,,,,,,,,,,,,,,,,,,,
"bookselling","scow",,,,,,,,,,,,,,,,,,,,,,,,,,,,
"tap","polar ice cap",,,,,,,,,,,,,,,,,,,,,,,,,,,,
"psychedelic art","estuary",,,,,,,,,,,,,,,,,,,,,,,,,,,,
"computer hardware","batholith",,,,,,,,,,,,,,,,,,,,,,,,,,,,
"seminar","gazebo",,,,,,,,,,,,,,,,,,,,,,,,,,,,
"management","brick",,,,,,,,,,,,,,,,,,,,,,,,,,,,
"conference hall","alpine skiing",,,,,,,,,,,,,,,,,,,,,,,,,,,,
"projection screen","tugboat",,,,,,,,,,,,,,,,,,,,,,,,,,,,
"mobile device","rubble",,,,,,,,,,,,,,,,,,,,,,,,,,,,
"netbook","nordic combined",,,,,,,,,,,,,,,,,,,,,,,,,,,,
"desktop computer","tree stump",,,,,,,,,,,,,,,,,,,,,,,,,,,,
"electronics accessory","pole",,,,,,,,,,,,,,,,,,,,,,,,,,,,
"computer keyboard","skiff",,,,,,,,,,,,,,,,,,,,,,,,,,,,
"computer accessory","schooner",,,,,,,,,,,,,,,,,,,,,,,,,,,,
"computer professional","palace",,,,,,,,,,,,,,,,,,,,,,,,,,,,
"computer operator","arctic ocean",,,,,,,,,,,,,,,,,,,,,,,,,,,,
,"obelisk",,,,,,,,,,,,,,,,,,,,,,,,,,,,
,"hay",,,,,,,,,,,,,,,,,,,,,,,,,,,,
,"devil's bridge",,,,,,,,,,,,,,,,,,,,,,,,,,,,
,"elevation",,,,,,,,,,,,,,,,,,,,,,,,,,,,
,"tunnel",,,,,,,,,,,,,,,,,,,,,,,,,,,,
,"ski mountaineering",,,,,,,,,,,,,,,,,,,,,,,,,,,,
,"historic house",,,,,,,,,,,,,,,,,,,,,,,,,,,,
,"aqua",,,,,,,,,,,,,,,,,,,,,,,,,,,,
,"banner",,,,,,,,,,,,,,,,,,,,,,,,,,,,
,"tours",,,,,,,,,,,,,,,,,,,,,,,,,,,,
,"metropolis",,,,,,,,,,,,,,,,,,,,,,,,,,,,
,"storm",,,,,,,,,,,,,,,,,,,,,,,,,,,,
,"skyscraper",,,,,,,,,,,,,,,,,,,,,,,,,,,,
,"sea ice",,,,,,,,,,,,,,,,,,,,,,,,,,,,
,"universe",,,,,,,,,,,,,,,,,,,,,,,,,,,,
,"melting",,,,,,,,,,,,,,,,,,,,,,,,,,,,
,"parish",,,,,,,,,,,,,,,,,,,,,,,,,,,,
,"valdivian temperate rain forest",,,,,,,,,,,,,,,,,,,,,,,,,,,,
,"canyon",,,,,,,,,,,,,,,,,,,,,,,,,,,,
,"logging",,,,,,,,,,,,,,,,,,,,,,,,,,,,
,"bamboo",,,,,,,,,,,,,,,,,,,,,,,,,,,,
,"celestial event",,,,,,,,,,,,,,,,,,,,,,,,,,,,
,"litter",,,,,,,,,,,,,,,,,,,,,,,,,,,,
,"island",,,,,,,,,,,,,,,,,,,,,,,,,,,,
,"herd",,,,,,,,,,,,,,,,,,,,,,,,,,,,
,"pavilion",,,,,,,,,,,,,,,,,,,,,,,,,,,,
,"breakwater",,,,,,,,,,,,,,,,,,,,,,,,,,,,
,"mixed use",,,,,,,,,,,,,,,,,,,,,,,,,,,,
,"freight transport",,,,,,,,,,,,,,,,,,,,,,,,,,,,
,"personal flotation device",,,,,,,,,,,,,,,,,,,,,,,,,,,,
,"antarctic flora",,,,,,,,,,,,,,,,,,,,,,,,,,,,
,"crater lake",,,,,,,,,,,,,,,,,,,,,,,,,,,,
,"rafting",,,,,,,,,,,,,,,,,,,,,,,,,,,,
,"campus",,,,,,,,,,,,,,,,,,,,,,,,,,,,
,"handrail",,,,,,,,,,,,,,,,,,,,,,,,,,,,
,"cityscape",,,,,,,,,,,,,,,,,,,,,,,,,,,,
,"tank ship",,,,,,,,,,,,,,,,,,,,,,,,,,,,
,"bow and arrow",,,,,,,,,,,,,,,,,,,,,,,,,,,,
,"archery",,,,,,,,,,,,,,,,,,,,,,,,,,,,
,"cargo ship",,,,,,,,,,,,,,,,,,,,,,,,,,,,
,"screenshot",,,,,,,,,,,,,,,,,,,,,,,,,,,,
,"rain",,,,,,,,,,,,,,,,,,,,,,,,,,,,
,"container ship",,,,,,,,,,,,,,,,,,,,,,,,,,,,
,"wadi",,,,,,,,,,,,,,,,,,,,,,,,,,,,
,"lifejacket",,,,,,,,,,,,,,,,,,,,,,,,,,,,
,"turquoise",,,,,,,,,,,,,,,,,,,,,,,,,,,,
,"apartment",,,,,,,,,,,,,,,,,,,,,,,,,,,,
,"bulk carrier",,,,,,,,,,,,,,,,,,,,,,,,,,,,
,"greenhouse",,,,,,,,,,,,,,,,,,,,,,,,,,,,
,"moraine",,,,,,,,,,,,,,,,,,,,,,,,,,,,
,"tropics",,,,,,,,,,,,,,,,,,,,,,,,,,,,
,"sidewalk",,,,,,,,,,,,,,,,,,,,,,,,,,,,
,"biathlon",,,,,,,,,,,,,,,,,,,,,,,,,,,,
,"ice climbing",,,,,,,,,,,,,,,,,,,,,,,,,,,,
,"umbrella",,,,,,,,,,,,,,,,,,,,,,,,,,,,
,"caving",,,,,,,,,,,,,,,,,,,,,,,,,,,,
,"straw",,,,,,,,,,,,,,,,,,,,,,,,,,,,
,"telemark skiing",,,,,,,,,,,,,,,,,,,,,,,,,,,,
,"sled",,,,,,,,,,,,,,,,,,,,,,,,,,,,
,"sweet grass",,,,,,,,,,,,,,,,,,,,,,,,,,,,
,"archipelago",,,,,,,,,,,,,,,,,,,,,,,,,,,,
,"brickwork",,,,,,,,,,,,,,,,,,,,,,,,,,,,
,"gravel",,,,,,,,,,,,,,,,,,,,,,,,,,,,
,"landscape lighting",,,,,,,,,,,,,,,,,,,,,,,,,,,,
,"volcanic landform",,,,,,,,,,,,,,,,,,,,,,,,,,,,
,"sill",,,,,,,,,,,,,,,,,,,,,,,,,,,,
,"flag of the united states",,,,,,,,,,,,,,,,,,,,,,,,,,,,
,"sun tanning",,,,,,,,,,,,,,,,,,,,,,,,,,,,
,"drizzle",,,,,,,,,,,,,,,,,,,,,,,,,,,,
,"yawl",,,,,,,,,,,,,,,,,,,,,,,,,,,,
,"boathouse",,,,,,,,,,,,,,,,,,,,,,,,,,,,
,"cross",,,,,,,,,,,,,,,,,,,,,,,,,,,,
,"wakesurfing",,,,,,,,,,,,,,,,,,,,,,,,,,,,
,"food grain",,,,,,,,,,,,,,,,,,,,,,,,,,,,
,"savanna",,,,,,,,,,,,,,,,,,,,,,,,,,,,
,"condominium",,,,,,,,,,,,,,,,,,,,,,,,,,,,
,"stairs",,,,,,,,,,,,,,,,,,,,,,,,,,,,
,"ostrich fern",,,,,,,,,,,,,,,,,,,,,,,,,,,,
,"wire fencing",,,,,,,,,,,,,,,,,,,,,,,,,,,,
,"resort town",,,,,,,,,,,,,,,,,,,,,,,,,,,,
,"sphere",,,,,,,,,,,,,,,,,,,,,,,,,,,,
,"casting fishing",,,,,,,,,,,,,,,,,,,,,,,,,,,,
,"field archery",,,,,,,,,,,,,,,,,,,,,,,,,,,,
,"manor house",,,,,,,,,,,,,,,,,,,,,,,,,,,,
,"billboard",,,,,,,,,,,,,,,,,,,,,,,,,,,,
,"hammock",,,,,,,,,,,,,,,,,,,,,,,,,,,,
,"rope",,,,,,,,,,,,,,,,,,,,,,,,,,,,
,"tied arch bridge",,,,,,,,,,,,,,,,,,,,,,,,,,,,
,"slalom skiing",,,,,,,,,,,,,,,,,,,,,,,,,,,,
,"plane tree family",,,,,,,,,,,,,,,,,,,,,,,,,,,,
,"crescent",,,,,,,,,,,,,,,,,,,,,,,,,,,,
,"home fencing",,,,,,,,,,,,,,,,,,,,,,,,,,,,
,"bicycle helmet",,,,,,,,,,,,,,,,,,,,,,,,,,,,
,"target archery",,,,,,,,,,,,,,,,,,,,,,,,,,,,
,"shade",,,,,,,,,,,,,,,,,,,,,,,,,,,,
,"totem",,,,,,,,,,,,,,,,,,,,,,,,,,,,
,"dairy cow",,,,,,,,,,,,,,,,,,,,,,,,,,,,
,"overpass",,,,,,,,,,,,,,,,,,,,,,,,,,,,
,"electric blue",,,,,,,,,,,,,,,,,,,,,,,,,,,,
,"birch family",,,,,,,,,,,,,,,,,,,,,,,,,,,,
,"column",,,,,,,,,,,,,,,,,,,,,,,,,,,,
,"roller coaster",,,,,,,,,,,,,,,,,,,,,,,,,,,,
,"laborer",,,,,,,,,,,,,,,,,,,,,,,,,,,,
,"freestyle skiing",,,,,,,,,,,,,,,,,,,,,,,,,,,,
,"skating",,,,,,,,,,,,,,,,,,,,,,,,,,,,
,"trampoline",,,,,,,,,,,,,,,,,,,,,,,,,,,,
,"concrete",,,,,,,,,,,,,,,,,,,,,,,,,,,,
,"artifact",,,,,,,,,,,,,,,,,,,,,,,,,,,,
,"skateboarding",,,,,,,,,,,,,,,,,,,,,,,,,,,,
,"ice skating",,,,,,,,,,,,,,,,,,,,,,,,,,,,
,"sunlounger",,,,,,,,,,,,,,,,,,,,,,,,,,,,
,"trampolining equipment and supplies",,,,,,,,,,,,,,,,,,,,,,,,,,,,
,"outdoor shoe",,,,,,,,,,,,,,,,,,,,,,,,,,,,
,"spiral galaxy",,,,,,,,,,,,,,,,,,,,,,,,,,,,
,"chain link fencing",,,,,,,,,,,,,,,,,,,,,,,,,,,,
,"snow removal",,,,,,,,,,,,,,,,,,,,,,,,,,,,
,"totem pole",,,,,,,,,,,,,,,,,,,,,,,,,,,,
,"dhow",,,,,,,,,,,,,,,,,,,,,,,,,,,,
,"conifer cone",,,,,,,,,,,,,,,,,,,,,,,,,,,,
,"paratrooper",,,,,,,,,,,,,,,,,,,,,,,,,,,,
,"beam",,,,,,,,,,,,,,,,,,,,,,,,,,,,
,"panamax",,,,,,,,,,,,,,,,,,,,,,,,,,,,
,"shield volcano",,,,,,,,,,,,,,,,,,,,,,,,,,,,
,"alley",,,,,,,,,,,,,,,,,,,,,,,,,,,,
,"sea cave",,,,,,,,,,,,,,,,,,,,,,,,,,,,
,"balcony",,,,,,,,,,,,,,,,,,,,,,,,,,,,
,"bailey bridge",,,,,,,,,,,,,,,,,,,,,,,,,,,,
,"snow blower",,,,,,,,,,,,,,,,,,,,,,,,,,,,
,"fly fishing",,,,,,,,,,,,,,,,,,,,,,,,,,,,
,"tide",,,,,,,,,,,,,,,,,,,,,,,,,,,,
,"crew",,,,,,,,,,,,,,,,,,,,,,,,,,,,
,"surfboard",,,,,,,,,,,,,,,,,,,,,,,,,,,,
,"aqueduct",,,,,,,,,,,,,,,,,,,,,,,,,,,,
,"mountain village",,,,,,,,,,,,,,,,,,,,,,,,,,,,
,"milky way",,,,,,,,,,,,,,,,,,,,,,,,,,,,
,"ski helmet",,,,,,,,,,,,,,,,,,,,,,,,,,,,
,"chrysopogon zizanioides",,,,,,,,,,,,,,,,,,,,,,,,,,,,
,"backlighting",,,,,,,,,,,,,,,,,,,,,,,,,,,,
,"oak",,,,,,,,,,,,,,,,,,,,,,,,,,,,
,"thunder",,,,,,,,,,,,,,,,,,,,,,,,,,,,
,"gate",,,,,,,,,,,,,,,,,,,,,,,,,,,,
,"rope bridge",,,,,,,,,,,,,,,,,,,,,,,,,,,,
,"mound",,,,,,,,,,,,,,,,,,,,,,,,,,,,
,"yoga",,,,,,,,,,,,,,,,,,,,,,,,,,,,
,"brigantine",,,,,,,,,,,,,,,,,,,,,,,,,,,,
,"palm tree",,,,,,,,,,,,,,,,,,,,,,,,,,,,
,"personal water craft",,,,,,,,,,,,,,,,,,,,,,,,,,,,
,"kitesurfing",,,,,,,,,,,,,,,,,,,,,,,,,,,,
,"houseplant",,,,,,,,,,,,,,,,,,,,,,,,,,,,
,"golfer",,,,,,,,,,,,,,,,,,,,,,,,,,,,
,"tower block",,,,,,,,,,,,,,,,,,,,,,,,,,,,
,"turret",,,,,,,,,,,,,,,,,,,,,,,,,,,,
,"garden buildings",,,,,,,,,,,,,,,,,,,,,,,,,,,,
,"slopestyle",,,,,,,,,,,,,,,,,,,,,,,,,,,,
,"sedge family",,,,,,,,,,,,,,,,,,,,,,,,,,,,
,"farmworker",,,,,,,,,,,,,,,,,,,,,,,,,,,,
,"ski binding",,,,,,,,,,,,,,,,,,,,,,,,,,,,
,"jet ski",,,,,,,,,,,,,,,,,,,,,,,,,,,,
,"cantilever bridge",,,,,,,,,,,,,,,,,,,,,,,,,,,,
,"tarpaulin",,,,,,,,,,,,,,,,,,,,,,,,,,,,
,"natural arch",,,,,,,,,,,,,,,,,,,,,,,,,,,,
,"wheat",,,,,,,,,,,,,,,,,,,,,,,,,,,,
,"picket fence",,,,,,,,,,,,,,,,,,,,,,,,,,,,
,"transporter bridge",,,,,,,,,,,,,,,,,,,,,,,,,,,,
,"longbow",,,,,,,,,,,,,,,,,,,,,,,,,,,,
,"miniature golf",,,,,,,,,,,,,,,,,,,,,,,,,,,,
,"rain and snow mixed",,,,,,,,,,,,,,,,,,,,,,,,,,,,
,"driveway",,,,,,,,,,,,,,,,,,,,,,,,,,,,
,"stratovolcano",,,,,,,,,,,,,,,,,,,,,,,,,,,,
,"swimmer",,,,,,,,,,,,,,,,,,,,,,,,,,,,
,"bicycle clothing",,,,,,,,,,,,,,,,,,,,,,,,,,,,
,"glacial lake",,,,,,,,,,,,,,,,,,,,,,,,,,,,
,"puddle",,,,,,,,,,,,,,,,,,,,,,,,,,,,
,"canopy walkway",,,,,,,,,,,,,,,,,,,,,,,,,,,,
,"vintage clothing",,,,,,,,,,,,,,,,,,,,,,,,,,,,
,"courtyard",,,,,,,,,,,,,,,,,,,,,,,,,,,,
,"camp",,,,,,,,,,,,,,,,,,,,,,,,,,,,
,"fiddlehead fern",,,,,,,,,,,,,,,,,,,,,,,,,,,,
,"lunar eclipse",,,,,,,,,,,,,,,,,,,,,,,,,,,,
,"skyway",,,,,,,,,,,,,,,,,,,,,,,,,,,,
,"christmas ornament",,,,,,,,,,,,,,,,,,,,,,,,,,,,
,"harvest",,,,,,,,,,,,,,,,,,,,,,,,,,,,
,"barque",,,,,,,,,,,,,,,,,,,,,,,,,,,,
,"abseiling",,,,,,,,,,,,,,,,,,,,,,,,,,,,
,"playground slide",,,,,,,,,,,,,,,,,,,,,,,,,,,,
,"corporate headquarters",,,,,,,,,,,,,,,,,,,,,,,,,,,,
,"cobblestone",,,,,,,,,,,,,,,,,,,,,,,,,,,,
,"reflecting pool",,,,,,,,,,,,,,,,,,,,,,,,,,,,
,"cathedral",,,,,,,,,,,,,,,,,,,,,,,,,,,,
,"ferris wheel",,,,,,,,,,,,,,,,,,,,,,,,,,,,
,"plaza",,,,,,,,,,,,,,,,,,,,,,,,,,,,
,"cove",,,,,,,,,,,,,,,,,,,,,,,,,,,,
,"town square",,,,,,,,,,,,,,,,,,,,,,,,,,,,
,"crystal",,,,,,,,,,,,,,,,,,,,,,,,,,,,
,"tree house",,,,,,,,,,,,,,,,,,,,,,,,,,,,
,"patio",,,,,,,,,,,,,,,,,,,,,,,,,,,,
,"cruise ship",,,,,,,,,,,,,,,,,,,,,,,,,,,,
,"classical sculpture",,,,,,,,,,,,,,,,,,,,,,,,,,,,
,"mineral",,,,,,,,,,,,,,,,,,,,,,,,,,,,
,"depression",,,,,,,,,,,,,,,,,,,,,,,,,,,,
,"sledding",,,,,,,,,,,,,,,,,,,,,,,,,,,,
,"hickory golf",,,,,,,,,,,,,,,,,,,,,,,,,,,,
,"pollution",,,,,,,,,,,,,,,,,,,,,,,,,,,,
,"safari",,,,,,,,,,,,,,,,,,,,,,,,,,,,
,"monolith",,,,,,,,,,,,,,,,,,,,,,,,,,,,
,"sloop",,,,,,,,,,,,,,,,,,,,,,,,,,,,
,"skateboard",,,,,,,,,,,,,,,,,,,,,,,,,,,,
,"villa",,,,,,,,,,,,,,,,,,,,,,,,,,,,
,"sash window",,,,,,,,,,,,,,,,,,,,,,,,,,,,
,"inca rope bridge",,,,,,,,,,,,,,,,,,,,,,,,,,,,
,"ice rink",,,,,,,,,,,,,,,,,,,,,,,,,,,,
,"classical architecture",,,,,,,,,,,,,,,,,,,,,,,,,,,,
,"quarry",,,,,,,,,,,,,,,,,,,,,,,,,,,,
,"steamboat",,,,,,,,,,,,,,,,,,,,,,,,,,,,
,"mineral spring",,,,,,,,,,,,,,,,,,,,,,,,,,,,
,"ice skate",,,,,,,,,,,,,,,,,,,,,,,,,,,,
,"foundation",,,,,,,,,,,,,,,,,,,,,,,,,,,,
,"mill",,,,,,,,,,,,,,,,,,,,,,,,,,,,
,"split rail fence",,,,,,,,,,,,,,,,,,,,,,,,,,,,
,"windsurfing",,,,,,,,,,,,,,,,,,,,,,,,,,,,
,"apiary",,,,,,,,,,,,,,,,,,,,,,,,,,,,
,"chinese architecture",,,,,,,,,,,,,,,,,,,,,,,,,,,,
,"planet",,,,,,,,,,,,,,,,,,,,,,,,,,,,
,"longboarding",,,,,,,,,,,,,,,,,,,,,,,,,,,,
,"dome",,,,,,,,,,,,,,,,,,,,,,,,,,,,
,"raft",,,,,,,,,,,,,,,,,,,,,,,,,,,,
,"style",,,,,,,,,,,,,,,,,,,,,,,,,,,,
,"pilot boat",,,,,,,,,,,,,,,,,,,,,,,,,,,,
,"lightning",,,,,,,,,,,,,,,,,,,,,,,,,,,,
,"trekking pole",,,,,,,,,,,,,,,,,,,,,,,,,,,,
,"honeymoon",,,,,,,,,,,,,,,,,,,,,,,,,,,,
,"chainsaw carving",,,,,,,,,,,,,,,,,,,,,,,,,,,,
,"urban design",,,,,,,,,,,,,,,,,,,,,,,,,,,,
,"golf equipment",,,,,,,,,,,,,,,,,,,,,,,,,,,,
,"scaffolding",,,,,,,,,,,,,,,,,,,,,,,,,,,,
,"hedge",,,,,,,,,,,,,,,,,,,,,,,,,,,,
,"ice hotel",,,,,,,,,,,,,,,,,,,,,,,,,,,,
,"maize",,,,,,,,,,,,,,,,,,,,,,,,,,,,
,"megalith",,,,,,,,,,,,,,,,,,,,,,,,,,,,
,"almshouse",,,,,,,,,,,,,,,,,,,,,,,,,,,,
,"bicycles equipment and supplies",,,,,,,,,,,,,,,,,,,,,,,,,,,,
,"caravel",,,,,,,,,,,,,,,,,,,,,,,,,,,,
,"casuarina",,,,,,,,,,,,,,,,,,,,,,,,,,,,
,"paddy field",,,,,,,,,,,,,,,,,,,,,,,,,,,,
,"glacier",,,,,,,,,,,,,,,,,,,,,,,,,,,,
,"skateboarding equipment and supplies",,,,,,,,,,,,,,,,,,,,,,,,,,,,
,"skateboarder",,,,,,,,,,,,,,,,,,,,,,,,,,,,
,"lawn ornament",,,,,,,,,,,,,,,,,,,,,,,,,,,,
,"professional golfer",,,,,,,,,,,,,,,,,,,,,,,,,,,,
,"longboard",,,,,,,,,,,,,,,,,,,,,,,,,,,,
,"elektroboot",,,,,,,,,,,,,,,,,,,,,,,,,,,,
,"carousel",,,,,,,,,,,,,,,,,,,,,,,,,,,,
,"baluster",,,,,,,,,,,,,,,,,,,,,,,,,,,,
,"mesh",,,,,,,,,,,,,,,,,,,,,,,,,,,,
,"thermae",,,,,,,,,,,,,,,,,,,,,,,,,,,,
,"canyoning",,,,,,,,,,,,,,,,,,,,,,,,,,,,
,"dike",,,,,,,,,,,,,,,,,,,,,,,,,,,,
,"dairy",,,,,,,,,,,,,,,,,,,,,,,,,,,,
,"gungdo",,,,,,,,,,,,,,,,,,,,,,,,,,,,
,"barquentine",,,,,,,,,,,,,,,,,,,,,,,,,,,,
,"hunting",,,,,,,,,,,,,,,,,,,,,,,,,,,,
,"hot tub",,,,,,,,,,,,,,,,,,,,,,,,,,,,
,"grain",,,,,,,,,,,,,,,,,,,,,,,,,,,,
,"belay device",,,,,,,,,,,,,,,,,,,,,,,,,,,,
,"neon sign",,,,,,,,,,,,,,,,,,,,,,,,,,,,
,"commercial building",,,,,,,,,,,,,,,,,,,,,,,,,,,,
,"shrine",,,,,,,,,,,,,,,,,,,,,,,,,,,,
,"airport",,,,,,,,,,,,,,,,,,,,,,,,,,,,
,"telecommunications engineering",,,,,,,,,,,,,,,,,,,,,,,,,,,,
,"beekeeper",,,,,,,,,,,,,,,,,,,,,,,,,,,,
,"hacienda",,,,,,,,,,,,,,,,,,,,,,,,,,,,
,"windjammer",,,,,,,,,,,,,,,,,,,,,,,,,,,,
,"ocean liner",,,,,,,,,,,,,,,,,,,,,,,,,,,,
,"courthouse",,,,,,,,,,,,,,,,,,,,,,,,,,,,
,"eclipse",,,,,,,,,,,,,,,,,,,,,,,,,,,,
,"arrowgrass family",,,,,,,,,,,,,,,,,,,,,,,,,,,,
,"diving mask",,,,,,,,,,,,,,,,,,,,,,,,,,,,
,"turbine",,,,,,,,,,,,,,,,,,,,,,,,,,,,
,"construction worker",,,,,,,,,,,,,,,,,,,,,,,,,,,,
,"garage",,,,,,,,,,,,,,,,,,,,,,,,,,,,
,"navy",,,,,,,,,,,,,,,,,,,,,,,,,,,,
,"naval architecture",,,,,,,,,,,,,,,,,,,,,,,,,,,,
,"stalactite",,,,,,,,,,,,,,,,,,,,,,,,,,,,
,"electronic signage",,,,,,,,,,,,,,,,,,,,,,,,,,,,
,"luxury yacht",,,,,,,,,,,,,,,,,,,,,,,,,,,,
,"freebord",,,,,,,,,,,,,,,,,,,,,,,,,,,,
,"diving equipment",,,,,,,,,,,,,,,,,,,,,,,,,,,,
,"hierochloe",,,,,,,,,,,,,,,,,,,,,,,,,,,,
,"steel",,,,,,,,,,,,,,,,,,,,,,,,,,,,
,"crystallography",,,,,,,,,,,,,,,,,,,,,,,,,,,,
,"granite",,,,,,,,,,,,,,,,,,,,,,,,,,,,
,"tomb",,,,,,,,,,,,,,,,,,,,,,,,,,,,
,"powerboating",,,,,,,,,,,,,,,,,,,,,,,,,,,,
,"heavy lift ship",,,,,,,,,,,,,,,,,,,,,,,,,,,,
,"peninsula",,,,,,,,,,,,,,,,,,,,,,,,,,,,
,"wire",,,,,,,,,,,,,,,,,,,,,,,,,,,,
,"pergola",,,,,,,,,,,,,,,,,,,,,,,,,,,,
,"stained glass",,,,,,,,,,,,,,,,,,,,,,,,,,,,
,"brig",,,,,,,,,,,,,,,,,,,,,,,,,,,,
,"destroyer",,,,,,,,,,,,,,,,,,,,,,,,,,,,
,"east indiaman",,,,,,,,,,,,,,,,,,,,,,,,,,,,
,"naval ship",,,,,,,,,,,,,,,,,,,,,,,,,,,,
,"cement",,,,,,,,,,,,,,,,,,,,,,,,,,,,
,"floating production storage and offloading",,,,,,,,,,,,,,,,,,,,,,,,,,,,
,"mythology",,,,,,,,,,,,,,,,,,,,,,,,,,,,
,"battleship",,,,,,,,,,,,,,,,,,,,,,,,,,,,
,"oil tanker",,,,,,,,,,,,,,,,,,,,,,,,,,,,
,"solar power",,,,,,,,,,,,,,,,,,,,,,,,,,,,
,"solar energy",,,,,,,,,,,,,,,,,,,,,,,,,,,,
,"whaler",,,,,,,,,,,,,,,,,,,,,,,,,,,,
,"warship",,,,,,,,,,,,,,,,,,,,,,,,,,,,
,"clipper",,,,,,,,,,,,,,,,,,,,,,,,,,,,
,"limestone",,,,,,,,,,,,,,,,,,,,,,,,,,,,
,"guided missile destroyer",,,,,,,,,,,,,,,,,,,,,,,,,,,,
,"chemical tanker",,,,,,,,,,,,,,,,,,,,,,,,,,,,
,"arcade",,,,,,,,,,,,,,,,,,,,,,,,,,,,
,"relief",,,,,,,,,,,,,,,,,,,,,,,,,,,,
,"baltimore clipper",,,,,,,,,,,,,,,,,,,,,,,,,,,,
,"motorcycle helmet",,,,,,,,,,,,,,,,,,,,,,,,,,,,
,"composite material",,,,,,,,,,,,,,,,,,,,,,,,,,,,
,"full rigged ship",,,,,,,,,,,,,,,,,,,,,,,,,,,,
,"amphibious transport dock",,,,,,,,,,,,,,,,,,,,,,,,,,,,
,"maritime museum",,,,,,,,,,,,,,,,,,,,,,,,,,,,
,"galeas",,,,,,,,,,,,,,,,,,,,,,,,,,,,
,"frigate",,,,,,,,,,,,,,,,,,,,,,,,,,,,
,"ship of the line",,,,,,,,,,,,,,,,,,,,,,,,,,,,
